ชื่อ,โรงพยาบาลที่ติดอันดับการจัดโรงพยาบาลที่ดีที่สุดโลก,เครือกลุ่มโรงพยาบาล,ประเภทโรงพยาบาลเอกชน,จำนวนเตียง,ราคาห้องผู้ป่วยใน(ห้องธรรมดา),แผนกพื้นฐานในการรักษา,โรงพยาบาลเฉพาะทาง,จำนวนแพทย์,ค่าบริการทางการแพทย์,จำนวนครั้งในการเคลม,กลุ่มที่ 1,กลุ่มที่ 2,กลุ่มที่ 3,กลุ่มที่ 4,กลุ่มที่ 5,กลุ่มที่ 6,กลุ่มที่ 7,กลุ่มที่ 8,กลุ่มที่ 9,กลุ่มที่ 10,กลุ่มที่ 11,กลุ่มที่ 12,กลุ่มที่ 13,กลุ่มที่ 14,กลุ่มที่ 15,กลุ่มที่ 16,กลุ่มที่ 17,กลุ่มที่ 18,กลุ่มที่ 19,กลุ่มที่ 20,กลุ่มที่ 21
เกษมราษฎร์บางแค : BCH,0,1,1,311,5600,5,0,157,150,452,4670.6,33744.333333333336,733.3333333333334,2039.2285714285715,0,0.0,3298.4736842105262,1531.1333333333334,2192.625,2450.4,7669.241379310345,51960.0,1827.8085106382978,21277.846153846152,0.0,0.0,0.0,4941.405405405405,2624.0,2867.404255319149,45824.0
เกษมราษฎร์ประชาชื่น : BCH,0,1,1,362,4800,7,0,286,150,542,15052.041666666666,2150.0,0.0,1484.0821917808219,0,0.0,2764.896551724138,2067.75,7529.7625,3176.417910447761,14905.851851851852,6955.5,1224.5555555555557,11948.625,0.0,0.0,0.0,5429.321428571428,33686.90909090909,8419.42857142857,79630.0
เกษมราษฎร์รามคำแหง : BCH,0,1,1,139,3800,8,0,101,150,180,6489.0,0.0,0.0,972.7272727272727,0,20400.0,1397,1040.0,916.0,857.3529411764706,16269.857142857143,80468.5,1478.1666666666667,936.6666666666666,0.0,0.0,0.0,4239.045454545455,4000.0,4759.0,17500.0
เจริญกรุงประชารักษ์,0,0,0,424,2000,9,0,117,100,4,0.0,0.0,0.0,0.0,0,0.0,0,0.0,0.0,0.0,0.0,0.0,644.0,9805.0,0.0,0.0,0.0,0.0,0.0,0.0,0.0
เจ้าพระยา,0,0,1,200,5750,1,0,350,80,430,15438.541666666666,764.0,0.0,3286.5384615384614,0,1083.3333333333333,1637.388888888889,1366.2,23766.125,2212.4310344827586,15114.328125,39296.0,1725.9310344827586,19596.896551724138,0.0,0.0,0.0,5170.419354838709,20622.0,9392.38028169014,0.0
เซนต์หลุยส์,1,0,1,387,4500,9,0,188,200,634,3459.516129032258,43473.0,0.0,1627.050847457627,0,1837.142857142857,1601.6774193548388,2736.6666666666665,19495.706896551725,1548.2686567164178,2908.5333333333333,39940.0,1821.6328125,2127.8,0.0,0.0,0.0,1534.7555555555555,6143.0,2026.2941176470588,11365.0
เทพธารินทร์,0,0,1,80,2100,8,0,106,280,138,15615.57142857143,0.0,0.0,1858.9583333333333,0,4214.142857142857,1344.4285714285713,480.0,155518.6,1575.6,97208.4,4895.0,20545.53846153846,1497.5,0.0,0.0,0.0,2253.5714285714284,41952.75,2909.8,0.0
เปาโลเมโมเรียล เกษตร : BDMS,0,1,1,162,4000,7,0,263,100,654,2358.48,34005.92307692308,40554.5,1656.9027777777778,0,770.0,1473.128205128205,3961.5384615384614,3890.897435897436,3116.3835616438355,8197.323529411764,31796.5,4336.489795918367,5110.475,0.0,0.0,0.0,4400.029411764706,2009.3333333333333,2806.3088235294117,2824.0
เปาโลเมโมเรียล โชคชัย4 : BDMS,0,1,1,140,2940,8,0,183,100,895,7487.770833333333,1872.125,0.0,1256.2903225806451,0,890.0,1161.7307692307693,4277.0,9534.559139784946,9306.192,14048.555555555555,44789.5,1057.9083969465648,12976.906976744185,0.0,0.0,0.0,5510.075757575758,4202.25,2564.4242424242425,0.0
เปาโลเมโมเรียล พหลโยธิน : BDMS,0,1,1,220,5450,9,0,305,100,702,8721.094285714285,1932.8645454545456,0.0,2397.9912280701756,1500,2418.25,2419.473799999999,1529.1471428571429,7381.543684210527,2183.1526865671644,8650.363157894737,44271.579999999994,4529.659606299212,3464.3020370370364,0.0,0.0,0.0,1963.0913513513515,4805.564,3022.8259183673476,4624.0
เพชรเวช,0,0,1,200,4810,9,0,306,100,503,1129.142857142857,70684.33333333333,13202.333333333334,1008.6909090909091,0,1497.142857142857,1195.578947368421,959.0833333333334,1140.6842105263158,1177.5675675675675,9446.263157894737,33113.5,1235.7435897435898,1793.4864864864865,0.0,0.0,0.0,1031.764705882353,4255.25,8502.684210526315,0.0
เมดพาร์ค,1,0,1,205,11000,9,0,394,430,34,5725.0,65625.0,1994.6666666666667,0.0,0,0.0,3085,0.0,0.0,1797.75,82360.265,2782.0,11087.0,1200.0,0.0,0.0,0.0,30856.5,1550.0,3753.5,0.0
เลิดสิน,0,0,0,609,1600,9,0,185,100,14,0.0,250.0,0.0,470.0,0,19011.0,0,0.0,433.0,0.0,1026.0,0.0,2126.285714285714,0.0,0.0,0.0,0.0,0.0,0.0,0.0,0.0
เวชการุณย์รัศมิ์,0,0,0,90,5000,9,0,50,140,1,0.0,0.0,0.0,0.0,0,0.0,0,0.0,0.0,0.0,0.0,0.0,0.0,0.0,0.0,0.0,0.0,0.0,0.0,607.0,0.0
เวชธานี,0,0,1,263,5850,8,0,722,150,472,10454.869999999999,20452.206,3140.0,4264.314237288137,0,12140.8875,2406.3195833333334,1338.3474999999999,7813.867346938776,6030.676491228072,6612.2995348837185,83349.44,2737.724166666667,4718.488333333333,0.0,0.0,0.0,6273.487777777777,16625.285714285714,1777.341923076923,13141.0
เวชศาสตร์เขตร้อน,0,0,0,106,1700,3,0,41,100,19,0.0,0.0,0.0,700.0,0,0.0,0,0.0,2350.0,834.5,450.0,632.0,1103.75,3818.0,0.0,0.0,0.0,0.0,0.0,0.0,700.0
เสรีรักษ์,0,1,1,238,4050,9,0,231,100,553,8027.542857142857,3753.0,0.0,4385.458333333333,0,4262.9,4491.277777777777,4348.9473684210525,18397.29411764706,4218.756756756757,9507.651162790698,115053.0,2305.1866666666665,8447.8,0.0,0.0,0.0,9547.153846153846,6004.0,4729.082644628099,20151.0
แพทย์ปัญญา,0,0,1,125,2150,9,0,22,100,22,36592.0,23079.0,14020.0,0.0,0,55784.0,0,0.0,1700.0,128764.16666666667,780.0,0.0,733.0,160156.0,0.0,0.0,0.0,780.75,699.0,0.0,0.0
ไทยจักษุ,0,0,1,10,3000,2,0,23,100,8,0.0,0.0,0.0,0.0,0,0.0,20710,0.0,0.0,1310.0,0.0,0.0,0.0,0.0,0.0,0.0,0.0,0.0,0.0,0.0,0.0
ไทยนครินทร์,0,0,1,190,6020,9,0,346,125,590,5923.731707317073,4507.0,4863.8,2244.095238095238,0,3685.3333333333335,3769.0666666666666,1503.4375,5231.166666666667,3765.8571428571427,8236.129032258064,68559.5,1741.1348314606741,7735.833333333333,0.0,0.0,0.0,2102.25,2804.0,3732.8285714285716,11911.0
กรุงเทพ : BDMS,1,1,1,263,11300,9,0,1198,300,1280,4701.144423076923,29477.875454545458,2199.6666666666665,4317.136826923078,0,10929.2,6062.797361111112,1696.2816666666665,12169.277413793106,3312.75393939394,7844.923649635035,165319.93000000002,8080.277647058823,8305.016477272728,0.0,0.0,0.0,4053.425396825397,9525.635,60547.78753246754,28821.0
กรุงเทพคริสเตียน,1,0,1,244,4900,6,0,319,400,804,9632.512195121952,85322.0,10560.0,2613.0506329113923,0,2618.181818181818,3334.3898305084745,5731.193548387097,11298.685714285713,3760.6666666666665,5942.75,57243.0,2948.5785123966944,5251.8,0.0,0.0,0.0,2274.9024390243903,5544.8,2327.551724137931,17960.0
กล้วยน้ำไท 1,0,0,1,160,6650,8,0,85,100,106,4078.5454545454545,146623.0,0.0,1218.6666666666667,0,0.0,925.3333333333334,1247.5,10980.333333333334,1095.1875,3404.5,37668.0,1174.0,1101.0,0.0,0.0,0.0,8351.90909090909,8218.5,1566.25,0.0
กล้วยน้ำไท 2,0,0,1,90,7150,1,1,8,150,1,0.0,101732.0,0.0,0.0,0,0.0,0,0.0,0.0,0.0,0.0,0.0,0.0,0.0,0.0,0.0,0.0,0.0,0.0,0.0,0.0
กลาง,0,0,0,475,3000,9,0,116,30,27,1480.5,0.0,0.0,0.0,0,0.0,3971.3633333333332,0.0,2726.8,0.0,51054.5,0.0,3343.3333333333335,0.0,0.0,0.0,0.0,0.0,0.0,0.0,0.0
คามิลเลียน,0,0,1,120,4400,7,0,146,100,135,2825.1428571428573,0.0,500.0,1834.25,0,1673.0,1587.6666666666667,1171.0,1041.25,5220.0,820.3,4282.0,936.1276595744681,654.25,0.0,0.0,0.0,1120.1666666666667,0.0,1850.1818181818182,16300.0
จักษุรัตนิน,0,0,1,12,6050,1,1,40,150,108,0.0,0.0,0.0,0.0,0,1770.0,4965.038834951456,0.0,0.0,0.0,0.0,750.5,0.0,0.0,0.0,0.0,0.0,0.0,1610.0,0.0,700.0
จุฬาภรณ์,0,0,0,115,3500,8,0,445,100,142,23183.5,8324.383802816901,0.0,795.0,0,7786.75,839.6666666666666,0.0,1872.5,1200.0,2128.5714285714284,5442.875,818.1666666666666,3386.4545454545455,0.0,0.0,0.0,1405.9807692307693,0.0,1223.5,0.0
จุฬาลงกรณ์,1,0,0,1485,3500,9,0,435,20,627,8996.8,10038.721804511279,1721.7142857142858,1992.7627118644068,0,2919.0,7975.669047619047,1153.4,3111.9636363636364,10118.90909090909,7231.697916666667,41149.5,8783.0,7110.35593220339,22095.0,0.0,0.0,7882.72,53691.5,7126.0,37460.0
ซีจีเอชพหลโยธิน,1,0,1,120,4430,8,0,384,150,267,2715.470588235294,0.0,0.0,4024.25,0,0.0,2194.25,4451.5,3048.529411764706,2871.1071428571427,4049.8214285714284,30583.5,2716.6341463414633,1911.0,0.0,0.0,0.0,5840.764705882353,15638.0,2414.2162162162163,0.0
ซีจีเอชสายไหม,0,0,1,100,3890,8,0,384,50,244,3661.45,930.0,0.0,1728.4782608695652,0,0.0,1324.25,1372.1,9763.827586206897,1562.875,3950.875,2295.0,1189.0,1632.0,0.0,0.0,0.0,1064.1333333333334,1553.25,4566.923076923077,250.0
ตา หู คอ จมูก,0,1,1,30,3530,2,1,108,228,453,1180.25,0.0,0.0,1159.5,0,0.0,5260.75956284153,1284.4857142857143,0.0,2028.5686274509803,1283.4166666666667,0.0,0.0,0.0,0.0,0.0,0.0,1548.5454545454545,725.0,1298.0,0.0
ตากสิน,0,0,0,418,1800,9,0,197,50,7,5.75,0.0,0.0,9070.0,0,4048.75,0,0.0,0.0,0.0,0.0,0.0,0.0,0.0,0.0,0.0,0.0,0.0,0.0,0.0,0.0
ตำรวจ,0,0,0,485,1600,8,0,363,50,36,2353.0,1986.3,0.0,1296.5,0,0.0,503,0.0,638.7,0.0,42767.5,5155.0,0.0,0.0,0.0,0.0,0.0,0.0,0.0,30168.375,0.0
ทหารผ่านศึก,0,0,0,277,1500,9,0,101,50,6,0.0,0.0,0.0,0.0,0,0.0,0,0.0,0.0,7625.0,3505.5,359.0,8050.0,0.0,0.0,0.0,0.0,0.0,0.0,0.0,0.0
ทหารอากาศ (สีกัน) พอ.,0,0,0,150,2000,5,0,31,50,1,0.0,0.0,0.0,0.0,0,0.0,0,0.0,0.0,0.0,0.0,0.0,0.0,0.0,0.0,0.0,0.0,805.0,0.0,0.0,0.0
ธนบุรี 1,1,0,1,435,5620,9,0,625,120,634,5406.379310344828,13328.6,0.0,3782.0,0,4040.3846153846152,5096.2,918.375,11530.33,3570.5853658536585,7100.036144578313,37284.0,2644.391089108911,7509.947916666667,0.0,0.0,0.0,7600.820285714285,24212.75,27489.55319148936,0.0
ธนบุรี 2,0,0,1,95,5350,9,0,222,140,446,7808.860434782608,300.0,0.0,2424.8214285714284,0,0.0,2713.3076923076924,4757.681818181818,1860.8666666666666,3058.714285714286,11370.216216216217,32097.0,2998.732448979592,13633.9,88525.5,0.0,0.0,2367.3054166666666,4995.666666666667,4105.978494623656,69484.0
ธนบุรี บำรุงเมือง,0,0,1,1400,5620,8,0,86,200,14,4811.0,0.0,0.0,0.0,0,0.0,2710,2516.6666666666665,0.0,1961.6666666666667,1428.0,590.5,1510.0,0.0,0.0,0.0,0.0,0.0,0.0,0.0,27000.0
นครธน,0,0,1,150,4500,8,0,60,150,401,9870.77153846154,0.0,1080.0,1980.5914285714284,0,1691.11,1741.1946153846152,1714.9995000000004,16191.196206896553,3314.273333333333,5029.449111111112,45972.96,2588.5348275862066,13774.297368421052,0.0,0.0,0.0,4211.206842105264,10805.594285714285,10080.325254237288,16200.0
นพรัตนราชธานี,0,0,0,609,1400,9,0,128,150,11,0.0,0.0,0.0,0.0,0,0.0,0,0.0,0.0,0.0,0.0,0.0,0.0,0.0,0.0,0.0,0.0,1110.75,301.25,70.0,0.0
นวเวช,0,0,1,99,4000,8,0,240,100,56,13854.5,700.0,0.0,0.0,0,0.0,1410.1325000000002,1405.2633333333333,34982.5,1507.5775,1384.5,6184.5599999999995,1875.5,1779.3333333333333,0.0,0.0,0.0,1654.4925,0.0,2453.5989999999997,1110.0
นวมินทร์,0,0,1,180,3000,9,0,92,100,1,0.0,0.0,0.0,0.0,0,0.0,0,0.0,500.0,0.0,0.0,0.0,0.0,0.0,0.0,0.0,0.0,0.0,0.0,0.0,0.0
นวมินทร์ 9,0,0,1,245,3280,9,0,179,100,439,5930.952380952381,1650.0,1354.0,1123.408163265306,0,1139.0,1150.2173913043478,1073.0,2069.2916666666665,5964.175,6797.04347826087,8382.5,1375.3275862068965,19257.4375,0.0,0.0,0.0,959.9032258064516,1765.0,2609.2083333333335,38533.0
บางโพ,0,0,1,100,3700,9,0,155,50,279,7346.932222222222,0.0,0.0,3743.828,0,17443.713333333333,10761.66875,5076.896,14585.6,3866.042857142857,21553.647999999997,24793.22,1886.8556666666666,3879.2994736842106,0.0,0.0,0.0,6084.454545454545,8806.0,2499.0259375,11976.0
บางไผ่,0,0,1,100,3530,9,0,8,100,73,845.0,0.0,0.0,2373.6666666666665,0,0.0,0,0.0,5365.78,972.78,1521.012,6470.45,1037.92,65780.0,0.0,0.0,0.0,870.25,0.0,933.7633333333334,6400.0
บางนา 1,0,0,1,101,2700,7,0,84,100,23,500.0,0.0,0.0,0.0,0,0.0,0,1372.3333333333333,0.0,500.0,0.0,2655.0,0.0,0.0,0.0,0.0,0.0,0.0,0.0,1856.0,0.0
บางปะกอก 1,0,0,1,120,3200,7,0,171,100,210,8675.431818181818,0.0,0.0,1398.9537037037037,0,0.0,1110.171875,1177.0833333333333,2900.685185185185,3783.3948484848484,3928.0416666666665,10518.25,1819.5416666666667,1291.6666666666667,0.0,0.0,0.0,22745.85714285714,3461.11,1889.75,0.0
บางปะกอก 8,0,0,1,200,3200,9,0,219,80,52,783.3333333333334,818.0,0.0,857.8,0,0.0,467,521.625,0.0,685.6666666666666,0.0,669.0,1096.0,962.2,0.0,0.0,0.0,0.0,36380.0,2597.5208333333335,0.0
บางปะกอก 9 อินเตอร์เนชั่นแนล,1,0,1,120,3200,7,0,285,120,245,3829.925,0.0,0.0,2398.6052631578946,0,1875.75,1592.3125,1386.53125,1757.5454545454545,4616.5593023255815,8008.93,9704.625,1438.3875,27117.28125,0.0,0.0,0.0,3383.425,3120.0,10956.816666666668,1240.0
บางมด,0,0,1,203,4000,9,0,71,200,27,1566.0,1750.0,0.0,3225.0,0,0.0,2758,1092.0,21526.5,1301.0,5000.0,843.5,1006.8333333333334,1610.0,0.0,0.0,0.0,700.0,0.0,1832.5,0.0
บ้านแพ้ว,0,0,0,54,2300,6,0,47,50,45,0.0,0.0,0.0,1659.5714285714287,0,10754.0,8785.368421052632,0.0,1815.0,3330.0,550.0,0.0,1508.0,0.0,0.0,0.0,0.0,0.0,0.0,492.0,0.0
บำรุงราษฎร์,1,1,1,580,11492,9,0,1133,300,527,9601.0,2115.230769230769,0.0,3614.4736842105262,0,2485.375,5322.13,2612.992307692308,26763.90322580645,2113.6965853658535,4269.172083333333,105954.225,4357.7692307692305,7528.617647058823,0.0,0.0,0.0,3013.918367346939,41515.53,2821.8333333333335,46994.0
บีเอ็นเอช : BDMS,0,1,1,86,8800,9,0,291,350,292,2175.6291666666666,18865.555555555555,0.0,3595.653846153846,0,11422.0,4936.623846153846,1957.9779999999998,49367.22368421053,5597.260263157895,6534.402083333334,36533.825,3677.8390322580644,7644.874782608696,0.0,0.0,0.0,1740.571428571429,28229.8,3271.5454545454545,9148.0
บีแคร์เมดิคอลเซ็นเตอร์,0,0,1,136,4330,5,0,145,80,410,4183.0264,90552.73999999999,1040.0,2266.1179411764706,0,0.0,2548.5,2421.8728571428574,10509.111875000002,1825.8403125,8860.1835,58858.06,1482.7402816901408,4269.488157894736,0.0,0.0,0.0,1078.403157894737,3844.6666666666665,1421.9469565217391,450.0
บุญญาเวช,0,0,1,29,2900,2,0,8,120,1,0.0,0.0,0.0,20748.0,0,0.0,0,0.0,0.0,0.0,0.0,0.0,0.0,0.0,0.0,0.0,0.0,0.0,0.0,0.0,0.0
ประสานมิตร,0,0,0,0,3000,2,0,0,50,18,0.0,3227.5,0.0,0.0,0,0.0,6184.708333333333,0.0,0.0,0.0,0.0,0.0,0.0,0.0,0.0,0.0,0.0,0.0,0.0,0.0,0.0
ปิยะเวท,0,0,1,150,5760,9,0,243,150,120,1227.0,6245.222,0.0,1000.0,0,0.0,1872.4,1272.75,858.0,1624.4444444444443,2252.285714285714,8938.72,1658.025,8464.1875,0.0,0.0,0.0,1591.7777777777778,31573.0,1898.75,68677.0
ผิวหนังอโศก,0,0,1,9,3000,0,1,17,100,10,0.0,0.0,0.0,0.0,0,0.0,0,0.0,0.0,0.0,0.0,10184.5,0.0,0.0,0.0,0.0,0.0,0.0,0.0,0.0,0.0
พญาไท 1 : BDMS,1,1,1,174,4800,9,0,245,150,516,5937.409090909091,31190.233333333334,0.0,4946.69298245614,0,6950.75,1950.320512820513,5283.181818181818,80495.37931034483,2482.9661016949153,4728.598484848485,30365.0,2329.4137931034484,2753.0882352941176,0.0,0.0,0.0,1626.5833333333333,16750.5,2458.657894736842,23100.0
พญาไท 2 : BDMS,1,1,1,260,6687,9,0,535,180,1412,5633.368852459016,41049.22073170732,1606.611111111111,2649.7631578947367,0,6814.590909090909,6087.141791044776,2051.4074074074074,8476.37037037037,4520.9378698224855,6862.908333333334,93762.25,3901.4205607476633,10766.456382978724,176347.0,0.0,0.0,4553.5,6444.409090909091,2827.2964285714284,66662.25
พญาไท 3 : BDMS,0,1,1,230,6200,9,0,412,150,703,6328.372881355932,16928.3125,1470.0,2535.06,0,22199.4,2438.8035714285716,5554.145833333333,2585.4054054054054,4483.710280373832,7392.195652173913,59015.0,9664.040229885057,6091.8375,0.0,0.0,0.0,6741.792452830188,5822.0,6960.931034482759,10525.0
พญาไท นวมินทร์ : BDMS,0,1,1,140,4100,9,0,57,80,397,9099.307692307691,800.0,718.4,4355.636363636364,0,0.0,2068,6811.428571428572,11909.333333333334,4454.390625,13097.592592592593,23320.5,3354.7096774193546,7427.555555555556,0.0,0.0,0.0,6304.1,0.0,2876.9710144927535,0.0
พระมงกุฎเกล้า,1,0,0,953,2000,9,0,249,50,101,12181.0,1869.888888888889,0.0,3099.5,0,2566.875,2752.769230769231,0.0,21436.826315789473,5574.8125,0.0,516.5,2193.45,3227.375,0.0,0.0,0.0,1008.8333333333334,133539.75,0.0,650.0
พระราม 2,0,0,1,109,4000,7,0,15,135,7,861.0,0.0,0.0,0.0,0,0.0, ,0.0,1570.0,1542.5,1410.0,470.5,0.0,0.0,0.0,0.0,0.0,0.0,0.0,6835.0,0.0
พระรามเก้า,1,0,1,166,7950,9,0,340,250,657,9930.17857142857,25450.625,0.0,1694.475,0,5423.833333333333,10219.484848484848,1547.764705882353,3202.2093023255816,3594.8494623655915,5985.10294117647,45908.0,2675.019230769231,2494.8055555555557,0.0,0.0,0.0,18764.21875,1949.8,3243.15625,16277.0
ภูมิพลอดุลยเดช กรมแพทย์ทหารอากาศ,0,0,1,619,2000,9,0,221,50,71,2514.25,16698.25,0.0,1817.6,0,672.75,917,0.0,33716.125,1169.25,1959.125,616.5,353.68055555555554,7800.0,0.0,0.0,0.0,0.0,0.0,0.0,755.0
มเหสักข์,0,0,1,132,3580,9,0,44,100,6,1040.0,0.0,0.0,0.0,0,0.0,0,0.0,0.0,0.0,21648.333333333332,0.0,1332.0,0.0,0.0,0.0,0.0,780.0,0.0,2237.6666666666665,0.0
มงกุฎวัฒนะ,0,0,1,100,4000,8,0,411,75,638,2737.9199999999996,9906.137037037037,450.0,1604.9813636363635,0,2645.056,3196.3317142857145,2867.4975,3224.254736842105,1786.6442857142854,4134.2028260869565,35146.085,1312.3748421052633,22555.538000000004,0.0,0.0,0.0,7077.105731707316,920.8178571428572,1740.2874285714286,0.0
มิชชั่น,0,0,1,120,4000,6,0,107,150,134,1284.142857142857,0.0,0.0,1601.1818181818182,0,0.0,845,1170.0,1214.2727272727273,3795.6923076923076,2269.5555555555557,13398.5,16473.894736842107,48810.75,0.0,0.0,0.0,2191.3333333333335,0.0,1642.0,3508.0
มิตรประชา,0,0,1,148,1800,9,0,55,120,10,875.0,0.0,0.0,0.0,0,0.0,0,0.0,0.0,1496.0,0.0,0.0,0.0,890.0,0.0,0.0,0.0,940.0,0.0,0.0,40950.0
ยันฮี,1,0,0,400,5040,0,1,290,250,585,11708.925925925925,43358.6,0.0,3264.0,0,0.0,4462,12518.181818181818,4793.756944444444,5043.44,8026.54347826087,49452.5,9569.108108108108,26573.18181818182,0.0,0.0,0.0,18513.045454545456,30931.0,4852.9190751445085,0.0
รัชดา-ท่าพระ,0,0,0,25,4000,8,0,10,100,7,830.0,0.0,0.0,0.0,0,0.0,0,0.0,1300.0,0.0,7455.0,0.0,852.5,0.0,0.0,0.0,0.0,0.0,0.0,0.0,0.0
ราชพิพัฒน์,0,0,0,277,5000,8,0,200,100,2,0.0,0.0,0.0,0.0,0,0.0,0,0.0,2433.75,0.0,2034.5,0.0,0.0,0.0,0.0,0.0,0.0,0.0,0.0,0.0,0.0
ราชวิถี,1,0,1,1031,4300,9,0,347,100,27,440.0,5755.0,0.0,1316.6666666666667,0,21905.0,579.2,300.0,10896.0,350.0,32782.375,0.0,0.0,2545.0,0.0,0.0,0.0,0.0,0.0,0.0,0.0
รามคำแหง,1,1,0,486,3500,9,0,327,80,957,6788.429591836734,11935.615384615385,1504.5,6280.4103076923075,0,7339.857142857143,5169.652777777777,5156.121212121212,5034.321428571428,6518.426086956521,11914.521954022988,66261.03,5543.332962962963,2793.6776470588234,0.0,0.0,0.0,4057.1186440677966,2022.0,2138.6689655172413,9156.0
รามาธิบดี,1,0,1,1378,1000,9,0,1041,100,1056,1704.9285714285713,25221.441565656565,3434.3684210526317,2295.5555555555557,0,2958.4545454545455,10222.096153846154,858.75,29401.58823529412,17768.482558139534,24258.359375,66869.75,7669.497784090909,5604.505597014925,66293.75,0.0,0.0,6761.089285714285,755.0,1135.0,66303.75
ราษฎร์บูรณะ,0,0,0,124,3950,9,0,46,200,41,1035.0,600.0,0.0,1100.0,0,0.0,950,4396.666666666667,13827.333333333334,28928.4,2498.75,14146.0,1047.2222222222222,1217.5,0.0,0.0,0.0,14415.833333333334,0.0,14397.0,0.0
ลาดพร้าว,0,0,1,180,4700,8,0,206,200,1559,12131.72037037037,3312.3444444444444,819.3088235294117,2749.1885350318476,0,3060.9777777777776,1564.0423880597014,1641.2642857142857,2812.674867724868,2796.7627906976745,7590.758226950353,57205.565,1628.5670526315787,9478.421194029848,0.0,7243.0,0.0,2571.1912318840573,7302.439090909091,3069.283076923077,36968.75
วชิรพยาบาล,1,0,0,740,2400,9,0,341,50,104,0.0,10334.810344827587,0.0,2894.8888888888887,0,0.0,1110,0.0,1889.888888888889,20711.0,12882.0,558.5,7131.25,6675.630952380952,0.0,0.0,0.0,1748.142857142857,0.0,1312.0,25770.0
วิชัยเวช แยกไฟฉาย,0,0,1,49,3250,9,0,7,110,24,1120.0,0.0,0.0,0.0,0,0.0,0,0.0,0.0,1172.5,0.0,0.0,1475.5,790.0,0.0,0.0,0.0,786.0,0.0,3290.214285714286,0.0
วิชัยเวชอินเตอร์เนชั่นแนลหนองแขม(ศรีวิชัย2),0,0,1,172,4200,8,0,137,80,115,6782.8,0.0,1120.0,923.0769230769231,0,1046.0,0,6919.0,1470.0,1239.0,3983.866666666667,2862.0,1867.3,1204.0,0.0,0.0,0.0,2006.875,10396.0,1285.2758620689656,0.0
วิชัยยุทธ,0,0,1,207,5500,9,0,716,250,705,7466.435833333334,29681.161,1251.8181818181818,9772.767333333333,0,10578.957142857142,8566.085454545455,4273.886666666667,29421.783783783783,4910.104507042253,26899.171369863012,156240.65,2233.778863636364,13299.004000000004,121460.85,0.0,0.0,2167.5592592592593,5424.4400000000005,2312.8331746031745,32678.3
วิภาราม,0,1,1,150,2200,9,0,272,100,865,3203.315789473684,15160.941176470587,1191.4,1138.5882352941176,0,1089.4285714285713,3152.839285714286,1160.5172413793102,4082.92,2305.682926829268,3792.875,35642.0,1546.1891891891892,2595.2982456140353,0.0,0.0,0.0,1140.4307692307693,1010.125,4456.946666666667,1689.0
วิภาวดี,0,0,1,258,4360,8,0,417,80,1535,8311.192982456141,9363.95,0.0,3761.1643835616437,0,9055.76923076923,2486.754716981132,3480.6744186046512,7085.114461538462,3499.8596491228072,8660.30985915493,133864.5,2276.120535714286,3152.0446428571427,49604.5,10699.5,0.0,7391.305785123967,10129.875,2663.1138211382113,134807.0
วิมุต,0,0,1,236,5900,7,0,232,150,55,1463.8899999999999,0.0,0.0,0.0,0,980.0,744.5,1445.0,2080.0,1992.75,7433.6,1322.0,1911.9,1417.3333333333333,0.0,0.0,0.0,2321.5,0.0,1147.3333333333333,4998.0
ศิครินทร์,0,0,1,258,5100,9,0,348,120,1148,4418.73552238806,2595.714285714286,1980.0,2657.8769512195117,0,7702.6,2491.651923076923,2995.388,9060.651130434782,3879.5705844155827,6987.283692307691,73669.24000000002,1873.7085106382976,2441.7354166666664,0.0,0.0,1182.5,3988.4139285714286,33094.84444444444,6639.1783505154635,55418.8
ศิริราช ปิยมหาราชการุณย์,1,0,1,0,6700,9,0,615,180,1708,7778.096385542169,70376.72972972973,17636.444444444445,5432.48,0,28461.92,25575.468253968254,6110.32,58594.64356435643,11890.272727272728,40154.04663212435,308752.0,23053.758928571428,23442.697872340425,0.0,0.0,0.0,9630.382716049382,38733.42105263158,15839.40579710145,68280.0
ศิริราชพยาบาล,0,0,0,2112,1000,9,0,2263,130,437,2922.625,33535.16186440678,613.75,2154.904761904762,0,3700.3333333333335,9885.625,515.0,23470.055555555555,3516.1785714285716,37929.21296296296,18448.0,12672.403846153846,18584.793859649122,50576.75,0.0,2960.0,4060.6052631578946,4964.75,3795.318181818182,20165.0
สถาบันโรคไตภูมิราชนครินทร์,0,0,1,128,3000,3,1,83,400,52,1450.0,0.0,0.0,0.0,0,0.0,0,0.0,2246.4285714285716,0.0,20933.04,0.0,0.0,2997.6464285714283,0.0,0.0,0.0,0.0,0.0,0.0,0.0
สถาบันโรคผิวหนัง,0,0,0,10,1200,0,1,32,100,67,185.0,580.0,0.0,0.0,0,0.0,0,0.0,0.0,0.0,0.0,30524.25,0.0,0.0,0.0,0.0,0.0,0.0,0.0,512.5,0.0
สถาบันประสาทวิทยา,0,0,0,300,1100,4,1,79,100,66,0.0,5455.0,0.0,0.0,0,2617.846153846154,1386,0.0,125413.48387096774,0.0,0.0,0.0,1330.4,0.0,0.0,0.0,0.0,3858.875,0.0,0.0,0.0
สถาบันมะเร็งแห่งชาติ,0,0,0,163,2000,0,1,63,100,41,705.0,4404.166666666667,0.0,0.0,0,0.0,0,0.0,0.0,0.0,0.0,0.0,0.0,1210.6875,0.0,0.0,0.0,0.0,0.0,0.0,0.0
สถาบันสุขภาพเด็กแห่งชาติมหาราชินี(โรงพยาบาลเด็ก),0,0,0,433,1000,8,1,108,300,4,0.0,0.0,1014.0,0.0,0,0.0,0,0.0,0.0,0.0,250.0,0.0,0.0,0.0,0.0,0.0,0.0,7500.0,0.0,0.0,0.0
สมเด็จพระปิ่นเกล้า กรมแพทย์ทหารเรือ กองทัพเรือ,0,0,0,414,2200,0,0,173,150,26,1323.0,29343.0,0.0,1838.3333333333333,0,0.0,9577.714285714286,2328.0,2214.85,0.0,0.0,0.0,0.0,0.0,0.0,0.0,0.0,1670.0,0.0,0.0,0.0
สมิติเวชไชน่าทาวน์ : BDMS,0,1,1,31,6190,6,0,85,300,43,6446.4400000000005,0.0,0.0,2150.0,0,0.0,1320.486,19367.690000000002,0.0,1596.03625,0.0,8241.705,1974.4411764705883,23623.0,0.0,0.0,0.0,1184.7625,0.0,3708.805,0.0
สมิติเวชธนบุรี : BDMS,0,1,1,150,6190,8,0,256,300,378,48976.77818181819,1690.0,1506.3333333333333,1501.8652631578948,0,0.0,2684.7573684210524,1761.7775,1939.5714285714287,2549.6106122448978,3146.2135897435896,29998.22,1928.1725675675677,1216.4273076923077,0.0,0.0,0.0,1808.397894736842,2492.9175,2359.3333333333335,1000.0
สมิติเวชศรีนครินทร์ : BDMS,1,1,1,154,7255,9,0,8,200,609,6444.730857142857,2288.2,1561.9133333333332,1794.0272727272727,0,1519.2,1918.6444000000001,3161.808666666667,1857.577380952381,2706.649909090909,8184.898524590164,78187.70000000001,4885.02945945946,4278.395714285714,0.0,0.0,1911.2,3549.7433333333333,13241.947894736842,42857.30741935484,154290.07999999996
สมิติเวชสุขุมวิท : BDMS,1,1,1,275,9000,7,0,571,300,561,50951.028399999996,209046.93799999997,2051.1057142857144,5353.385526315789,0,1655.0557142857144,5528.034999999999,4650.124545454546,17727.279459459463,17852.476060606055,5571.274090909091,33172.605,1619.8515454545457,31377.202500000003,148411.33,32630.0,23236.3825,3639.2005633802814,17718.675,2470.447916666667,19190.59
สวนเบญจกิตติ เฉลิมพระเกียรติ 84 พรรษา,0,0,0,60,1400,7,0,45,30,26,6860.0,0.0,0.0,4200.625,0,350.0,0,0.0,2415.0,895.6,58170.0,3566.0,1021.0,0.0,0.0,0.0,0.0,0.0,0.0,0.0,0.0
สหวิทยาการมะลิ,0,0,1,19,4800,6,0,10,150,3,0.0,0.0,0.0,0.0,0,0.0,0,0.0,1170.0,600.0,0.0,0.0,0.0,0.0,0.0,0.0,0.0,0.0,0.0,4914.0,0.0
สินแพทย์ ,0,1,1,287,3100,9,0,258,150,264,10209.684210526315,3521.75,2242.5,1710.3636363636363,0,700.0,1363.875,4722.666666666667,22537.0,2907.315789473684,6035.4,5777.0,1736.2631578947369,18144.4,0.0,0.0,0.0,4206.92,14428.0,2044.0600000000002,918.0
สินแพทย์  ศรีนครินทร์,0,1,1,110,2800,9,0,21,100,28,1578.0,0.0,0.0,0.0,0,0.0,0,0.0,0.0,1582.6666666666667,0.0,1156.0,1536.625,1924.0,0.0,0.0,0.0,1092.0,600.0,2854.5,0.0
สิรินาถบึงกุ่ม (วิภาราม นวมินทร์),0,0,1,52,3440,4,0,5,510,4,0.0,0.0,0.0,0.0,0,0.0,0,0.0,0.0,0.0,0.0,0.0,1415.5,0.0,0.0,0.0,0.0,400.0,1065.0,0.0,0.0
สุขสวัสดิ์,0,0,1,100,4200,8,0,49,50,8,0.0,0.0,0.0,0.0,0,0.0,0,0.0,0.0,0.0,1685.93,0.0,1347.5714285714287,0.0,0.0,0.0,0.0,0.0,0.0,0.0,0.0
สุขุมวิท,0,1,1,135,2760,8,0,46,170,322,3427.0882352941176,11313.0,0.0,2185.5,0,1688.0,9082.861111111111,1457.6,24593.227777777778,4085.3260869565215,6838.0,41082.5,1837.35,9515.916666666666,0.0,0.0,0.0,3312.6470588235293,26408.5,3788.809523809524,20977.0
หัวเฉียว,0,0,1,338,3300,6,0,391,50,714,3191.1976744186045,3195.125,1977.0,1293.8202247191011,0,1110.625,5477.938775510204,955.0,1982.530864197531,1207.445945945946,5603.129807692308,21025.75,2485.805970149254,3023.1341463414633,0.0,0.0,0.0,1509.2666666666667,1402.5,6417.1036585365855,885.0
อินทรารัตน์,0,0,1,152,3800,8,0,21,150,16,0.0,0.0,0.0,0.0,0,0.0,0,0.0,0.0,1100.0,0.0,1456.5,1498.0,0.0,0.0,0.0,0.0,0.0,0.0,1580.25,0.0
