ชื่อ,ติดอันดับการจัดที่ดีที่สุด,เครือกลุ่มโรงพยาบาล,ประเภทโรงพยาบาล,จำนวนเตียง,ราคาห้องผู้ป่วยใน(ห้องธรรมดา),แผนกพื้นฐานในการรักษา,จำนวนแพทย์,ค่าบริการทางการแพทย์,จำนวนครั้งในการเคลม,อัตราการเข้าเคลมIPD,อัตราการเข้าเคลมOPD,กลุ่มที่ 1,กลุ่มที่ 2,กลุ่มที่ 3,กลุ่มที่ 4,กลุ่มที่ 6,กลุ่มที่ 7,กลุ่มที่ 8,กลุ่มที่ 9,กลุ่มที่ 10,กลุ่มที่ 11,กลุ่มที่ 12,กลุ่มที่ 13,กลุ่มที่ 14,กลุ่มที่ 15,กลุ่มที่ 16,กลุ่มที่ 17,กลุ่มที่ 18,กลุ่มที่ 19,กลุ่มที่ 20,กลุ่มที่ 21
เกษมราษฎร์บางแค : BCH,None,BCH,Private,311,5600,5,157,150,2514,0.07000795544948289,0.9299920445505171,7359.734693877551,10303.818181818182,19203.8125,2300.5878787878787,1133.6666666666667,3525.0224719101125,3524.396551724138,1503.0688405797102,3229.8542805100183,11690.974489795919,1599.7909604519773,1390.2646048109966,6656.268518518518,0.0,0.0,0.0,3968.7134502923977,18254.925925925927,3508.1244019138758,1101.5714285714287
เกษมราษฎร์ประชาชื่น : BCH,None,BCH,Private,362,4800,7,286,150,4318,0.05789717461787865,0.9421028253821213,8030.6425339366515,19215.235294117647,1825.0,1514.6132596685084,64181.95,2341.005291005291,3000.566929133858,5512.9177215189875,3082.9136047666334,12241.75,3053.8293650793653,4156.611344537815,6272.009202453988,0.0,0.0,0.0,4574.383333333333,10787.066666666668,4446.027568922305,1535.3333333333333
เกษมราษฎร์รามคำแหง : BCH,None,BCH,Private,139,3800,8,101,150,1097,0.04102096627164995,0.95897903372835,4337.456140350877,0.0,89634.33333333333,1029.8347826086956,10750.0,1601.4583333333333,2067.8571428571427,2009.1728395061727,2195.6776859504134,6892.0161290322585,4174.8875,5458.051851851852,2202.7118644067796,0.0,0.0,0.0,2646.046511627907,9131.0,2385.809917355372,942.3333333333334
เจริญกรุงประชารักษ์,None,None,Public,424,2000,9,117,100,37,0.24324324324324326,0.7567567567567568,0.0,1441.6666666666667,5297.363636363636,0.0,0.0,805.5,0.0,2040.0,700.5,870.0,0.0,644.0,6333.388888888889,0.0,0.0,0.0,0.0,0.0,724.0,0.0
เจ้าพระยา,None,None,Private,200,5750,1,350,80,2401,0.10828821324448147,0.8917117867555185,9831.29569892473,31123.545454545456,1002.0,2724.815789473684,4627.611111111111,7126.633027522936,3341.688888888889,12151.384615384615,4249.368932038835,12807.211462450592,1825.2263157894736,2789.8502673796793,15016.018348623853,92897.0,0.0,860.0,7248.317073170731,6107.0,7166.304498269897,2695.4166666666665
เซนต์หลุยส์,Top,None,Private,387,4500,9,188,200,5648,0.03523371104815864,0.9647662889518414,3373.7066666666665,15454.94,1072.5,1843.25,1225.357142857143,1647.1011673151752,2622.4850746268658,4620.665841584158,1877.3856164383562,4199.056122448979,1304.7092050209205,1905.8201160541587,3220.787037037037,3487.0,0.0,0.0,1818.203007518797,2229.7619047619046,2944.6805896805895,1167.3636363636363
เทพธารินทร์,None,None,Private,80,2100,8,106,280,743,0.040376850605652756,0.9596231493943472,7065.09375,2650.5454545454545,9260.0,2463.687213114754,4534.9,7684.175438596491,1232.2222222222222,145951.7125,4776.0404761904765,33257.13333333333,3713.3076923076924,8153.921052631579,3318.6875,0.0,0.0,0.0,2759.032258064516,1333.3333333333333,5185.833333333333,0.0
เปาโลเมโมเรียล เกษตร : BDMS,None,BDMS,Private,162,4000,7,263,100,3799,0.06685969992103186,0.9331403000789682,5526.341013824885,59379.92307692308,18988.25,1802.6022099447514,1289.1764705882354,1507.169590643275,3269.164835164835,3035.440860215054,3048.1835443037976,7573.167630057804,1553.0266666666666,3118.919902912621,3693.16814159292,0.0,0.0,0.0,4639.005714285714,4892.0,4268.49494949495,1115.6896551724137
เปาโลเมโมเรียล โชคชัย4 : BDMS,None,BDMS,Private,140,2940,8,183,100,6117,0.06097760340035965,0.9390223965996404,6626.973063973064,23454.302325581397,1673.162162162162,1292.6463068181818,2977.7619047619046,1889.329540816326,4266.964179104477,3229.124193548387,3625.298387096774,12086.544364508392,1342.156976744186,1660.1147058823528,6554.67,70341.0,0.0,0.0,4357.4841849148415,9255.527777777777,3136.010183299389,1059.904761904762
เปาโลเมโมเรียล พหลโยธิน : BDMS,None,BDMS,Private,220,5450,9,305,100,6834,0.054287386596429614,0.9460052677787533,5798.104954954955,30055.79787878788,16889.372258064515,3339.9628805620605,2055.441034482759,2752.4139228295817,1878.6000483091789,6081.889912663755,2559.190123056994,7634.949027303753,1805.3990496760257,2304.162533748702,6990.291814254861,17813.835,12961.31,0.0,4615.097236024845,3204.7863636363636,2701.8222500000034,2793.9755882352943
เพชรเวช,None,None,Private,200,4810,9,306,100,2383,0.03986571548468317,0.9601342845153168,3036.3028169014083,34656.68421052631,7208.0,1078.5393258426966,1978.1698113207547,1273.0294117647059,908.8888888888889,3022.8153846153846,1784.577868852459,6677.289099526066,1150.28125,2142.5555555555557,2368.0158730158732,0.0,0.0,0.0,1585.9714285714285,1320.764705882353,10314.63358778626,10155.2
เมดพาร์ค,Top,None,Private,205,11000,9,394,430,106,0.11320754716981132,0.8867924528301887,19552.485,48999.333333333336,2236.4,900.0,1733.75,3105.0,0.0,0.0,1667.25,44432.21583333333,8303.125,4350.823529411765,3820.0,0.0,0.0,0.0,20451.5,1550.0,2506.5,0.0
เลิดสิน,None,None,Public,609,1600,9,185,100,195,0.14871794871794872,0.8512820512820513,0.0,10325.0,0.0,636.8333333333334,19011.0,2247.138484848485,256.5,1256.4166666666667,0.0,727.0,0.0,5305.244897959184,8520.666666666666,0.0,0.0,27981.0,1020.0,0.0,667.1428571428571,0.0
เวชธานี,None,None,Private,263,5850,8,722,150,2752,0.06722383720930232,0.9327761627906976,9469.750484848486,51845.602307692316,10814.18076923077,3262.8240863787373,5951.419032258064,1587.5278947368422,7727.884615384615,18883.219695431475,3420.131854304635,8985.594496402877,2057.623686440678,2976.5215549597856,4919.566031746032,0.0,0.0,0.0,7145.398655462185,3182.311,7961.721895424837,2821.8
เวชศาสตร์เขตร้อน,None,None,Public,106,1700,3,41,100,186,0.043010752688172046,0.956989247311828,1389.340909090909,0.0,0.0,1837.4117647058824,234.25,2343.4023333333334,0.0,2350.0,630.703125,2801.409090909091,1045.625,809.3863636363636,6884.5,0.0,0.0,0.0,1173.4375,373.6666666666667,0.0,489.25
แพทย์ปัญญา,None,None,Private,125,2150,9,22,100,125,0.176,0.824,84425.33333333333,23079.0,14020.0,0.0,55784.0,1143.7037037037037,782.05,8745.733333333334,65347.833333333336,14257.29411764706,749.0,904.0,64541.833333333336,0.0,0.0,0.0,1062.142857142857,993.5,122008.0,216.0
ไทยจักษุ,None,None,Private,10,3000,2,23,100,57,0.19298245614035087,0.8070175438596491,0.0,0.0,0.0,0.0,0.0,14350.243902439024,0.0,0.0,1770.0,0.0,0.0,1200.0,0.0,0.0,0.0,0.0,0.0,0.0,0.0,0.0
ไทยนครินทร์,None,None,Private,190,6020,9,346,125,3689,0.07291949037679588,0.9270805096232041,7824.689814814815,9507.066666666668,5538.9,3487.7619047619046,6408.75,2120.791044776119,2717.5632183908046,4290.628318584071,3346.797455968689,8424.539682539682,2227.853503184713,2817.3206650831353,4829.695121951219,39988.0,65620.0,0.0,3873.3709677419356,1993.4242424242425,3088.041474654378,6540.875
กรุงเทพ : BDMS,Top,BDMS,Private,263,11300,9,1198,300,5698,0.06282906282906282,0.9378729378729379,6832.9372,47453.88264150943,4069.023968253968,4025.245755208333,7085.898253968254,5533.330927152318,3151.8166816143494,9853.18502283105,3723.676149870801,10273.254338709676,2472.5879963570137,6857.269920634919,6640.434526627219,21879.899999999998,105070.0,1200.0,6956.878526315789,5257.188823529411,29047.038647540987,3912.529433962264
กรุงเทพคริสเตียน,Top,None,Private,244,4900,6,319,400,5016,0.06299840510366826,0.9370015948963317,5798.735915492958,19314.8,1947.0416666666667,2655.494845360825,9729.170731707318,2641.3853211009173,3005.483870967742,5519.875576036867,2934.541095890411,6566.44874715262,2155.8613138686133,3205.5699300699303,4411.060465116279,70678.14285714286,840.0,1860.0,3117.1574803149606,10884.108108108108,7726.608,4257.85294117647
กล้วยน้ำไท 1,None,None,Private,160,6650,8,85,100,577,0.06239168110918544,0.9376083188908145,2276.574468085106,70485.83333333333,0.0,1224.2142857142858,812.4,1259.75,1249.5714285714287,5360.8378378378375,1606.3076923076924,6308.117647058823,3697.0,1221.5076923076922,6004.166666666667,0.0,0.0,0.0,1964.6805555555557,29064.5,7644.102040816327,1150.0
กลาง,None,None,Public,475,3000,9,116,30,155,0.14193548387096774,0.8580645161290322,952.6875,0.0,0.0,5246.666666666667,0.0,2818.5598,436.5,4785.39,1356.53125,15003.765625,0.0,5133.184782608696,777.875,0.0,10642.0,0.0,563.5,0.0,1090.4,2370.0
คลองตัน,None,None,Private,30,2000,4,21,100,37,0.21621621621621623,0.7837837837837838,17553.333333333332,0.0,0.0,0.0,5377.666666666667,0.0,0.0,0.0,7532.0,0.0,0.0,0.0,2000.0,0.0,0.0,0.0,17478.0,0.0,0.0,0.0
คามิลเลียน,None,None,Private,120,4400,7,146,100,749,0.021361815754339118,0.9786381842456608,3547.4375,61761.0,500.0,1321.0344827586207,1598.2,1287.25,1087.8,1191.0714285714287,1184.036231884058,1084.1818181818182,1064.88,1286.202614379085,1996.9,0.0,0.0,0.0,1129.5172413793102,907.375,2469.0095238095237,717.1449275362319
จุฬาภรณ์,None,None,Public,115,3500,8,445,100,529,0.15500945179584122,0.8468809073724007,17270.666666666668,7834.161470588235,6784.791666666667,1203.6842105263158,4779.25,5678.948275862069,125.0,3277.1875,554.53125,4026.0172413793102,1320.25,2688.3934426229507,5506.666666666667,2230.0,0.0,0.0,1796.9916666666666,0.0,1093.9666666666667,506.0769230769231
จุฬาลงกรณ์,Top,None,Public,1485,3500,9,435,20,3662,0.14882577826324414,0.8511742217367558,6826.422535211268,11914.058548850575,9420.588235294117,2670.9801699716713,7376.163636363636,9815.628391167193,3312.246031746032,10331.432773109243,7763.614840989399,12344.07003257329,1928.4953271028037,11209.890510948906,7005.161691542288,22095.0,0.0,9512.333333333334,4704.467153284671,8058.642857142857,14055.190476190477,2002.7142857142858
ซีจีเอชพหลโยธิน,Top,None,Private,120,4430,8,384,150,1881,0.0935672514619883,0.9064327485380117,6822.961538461538,6697.6,2204.4,3598.5581395348836,2557.3333333333335,3237.0,1465.6615384615384,3191.027027027027,3523.4820788530465,4205.821138211382,1490.218085106383,1899.7062146892656,2146.7021276595747,0.0,0.0,0.0,5746.459459459459,2864.8571428571427,2064.285714285714,1215.0
ซีจีเอชสายไหม,None,None,Private,100,3890,8,384,50,1802,0.06381798002219756,0.9361820199778025,3893.4201680672268,20956.2,0.0,1446.4158415841584,8629.142857142857,2223.6,1287.64,12009.831775700935,2866.0979782270606,3263.2815533980583,1118.1975308641975,1441.2261904761904,3444.6923076923076,0.0,0.0,0.0,2412.0975609756097,2079.6363636363635,5932.027932960894,579.5
ตำรวจ,None,None,Public,485,1600,8,363,50,182,0.3131868131868132,0.6868131868131868,2353.0,12038.297619047618,740.0,6986.95,8210.5,7866.777777777777,0.0,1741.7692307692307,60613.75,13869.764705882353,1902.6666666666667,13967.85,13950.1,0.0,0.0,0.0,15039.8,20882.5,50256.28571428572,0.0
ทหารผ่านศึก,None,None,Public,277,1500,9,101,50,53,0.20754716981132076,0.7924528301886793,0.0,10550.0,0.0,427.5,0.0,2488.0,0.0,435.0,3441.8125,3505.5,4558.5,3825.8846153846152,0.0,0.0,0.0,0.0,4120.0,0.0,2559.375,0.0
ธนบุรี 1,Top,THG,Private,435,5620,9,625,120,3832,0.0861169102296451,0.9138830897703549,7858.772368421052,23689.805405405405,2451.153846153846,3212.117528089888,8920.92808219178,4378.570512820513,3818.485294117647,9765.326335877862,2887.4408695652173,11714.693298969072,1721.0185758513933,3259.0470085470088,5164.702272727272,0.0,0.0,0.0,5804.170861244019,14139.857142857143,11251.391420118343,1468.3333333333333
ธนบุรี 2,None,THG,Private,95,5350,9,222,140,2943,0.07747196738022426,0.9225280326197758,7182.475863636363,21304.859375,650.0,3373.9851485148515,1446.6315789473683,2918.438783783784,3115.8288888888883,3138.0495867768595,2921.614889807162,11384.77279329609,1640.3601754385966,2301.2823961661343,9149.162162162162,85789.66666666667,4000.0,0.0,3164.495503355705,4329.5116,3740.669930875576,4221.346153846154
ธนบุรี บำรุงเมือง,None,THG,Private,1400,5620,8,86,200,75,0.08,0.92,3056.6666666666665,0.0,0.0,0.0,0.0,2650.0,2649.0,5511.0,2966.2413793103447,22776.636363636364,1726.888888888889,2736.3333333333335,0.0,0.0,0.0,0.0,17295.3,0.0,15734.857142857143,850.0
นครธน,None,None,Private,150,4500,8,60,150,2755,0.06497277676950998,0.9357531760435571,8190.676865671643,1288.0,1387.055833333333,1862.676470588235,6607.1876923076925,2575.198721804511,2391.76031496063,12881.496016949159,2402.1094770408163,7385.462993630573,1562.7265737051791,1944.410930232558,11361.28202247191,0.0,0.0,0.0,3365.666126126126,1666.2772222222222,3816.133881118881,1468.0
นพรัตนราชธานี,None,None,Public,609,1400,9,128,150,88,0.1590909090909091,0.8409090909090909,0.0,5846.0,0.0,1692.3076923076924,0.0,3183.777777777778,0.0,10881.0,2585.0,1359.8333333333333,0.0,5019.357142857143,4340.0,0.0,0.0,0.0,1591.642857142857,300.1666666666667,778.0,0.0
นวเวช,None,None,Private,99,4000,8,240,100,30,0.03333333333333333,0.9666666666666667,5039.999999999999,0.0,0.0,2000.0,0.0,1322.5883333333334,0.0,0.0,433.57142857142856,1350.5,1300.0,0.0,0.0,0.0,0.0,0.0,0.0,0.0,589.6,0.0
นวมินทร์,None,None,Private,180,3000,9,92,100,40,0.1,0.9,1016.0,100028.0,0.0,0.0,0.0,0.0,0.0,795.0,880.375,2862.5,686.6666666666666,655.1,0.0,0.0,0.0,62324.0,6802.8,0.0,2535.5,0.0
นวมินทร์ 9,None,None,Private,245,3280,9,179,100,2175,0.08873563218390805,0.911264367816092,7833.093959731544,27873.885714285716,2317.25,1219.319587628866,4807.363636363636,1363.8947368421052,1511.75,3340.788888888889,3629.896385542169,5471.908045977011,1388.0434782608695,2109.2025862068967,9715.051724137931,0.0,0.0,0.0,2051.711956521739,1435.0,5314.737777777777,667.6923076923077
บางโพ,None,None,Private,100,3700,9,155,50,1645,0.13191489361702127,0.8680851063829788,9702.911517857143,72945.0,13387.0,4583.039714285715,15961.26904761905,7431.89223880597,4714.939714285714,21605.8125,4175.763686746988,11095.800000000001,1980.501096774194,2326.805502392345,8455.673194444444,82411.0,0.0,0.0,5055.651230769231,2381.6666666666665,4945.75782051282,2173.6875
บางไผ่,None,None,Private,100,3530,9,8,100,186,0.03225806451612903,0.967741935483871,5722.625,0.0,0.0,1558.6055555555556,0.0,1348.409090909091,0.0,2286.632857142857,1141.6648387096773,1621.4822222222222,1376.295,1079.908181818182,51209.25,0.0,0.0,0.0,853.9315384615385,541.0,1162.8268292682926,0.0
บางนา 1,None,None,Private,101,2700,7,84,100,251,0.035856573705179286,0.9641434262948207,991.9473684210526,0.0,0.0,700.0,745.0,3592.633333333333,1377.7142857142858,24262.0,924.04,10855.23076923077,789.8275862068965,642.6315789473684,472.0,0.0,0.0,0.0,688.2727272727273,0.0,9168.742857142857,0.0
บางปะกอก 1,None,BHGRT,Private,120,3200,7,171,100,1827,0.06896551724137931,0.9310344827586207,7278.642937062938,57975.333333333336,1289.98,1538.894171779141,4115.694444444444,1247.9451219512196,2949.8026785714287,2559.4491525423728,2705.70260034904,3637.9202941176472,1760.4868421052631,1693.7858666666666,5617.4125,0.0,0.0,0.0,5325.523445378151,1075.6666666666667,3233.0716666666667,0.0
บางปะกอก 8,None,BHGRT,Private,200,3200,9,219,80,308,0.12987012987012986,0.8701298701298701,3869.5151515151515,0.0,818.0,1896.7291666666667,900.0,1045.9479166666667,4429.65625,5007.523809523809,2254.5135135135133,2605.3166666666666,834.4285714285714,1028.5833333333333,2763.0416666666665,0.0,0.0,0.0,2965.6,1500.0,2407.985576923077,0.0
บางปะกอก 9 อินเตอร์เนชั่นแนล,Top,BHGRT,Private,120,3200,7,285,120,1704,0.06396713615023474,0.9360328638497653,4638.349316239316,2201.25,4126.0,2489.398305084746,1545.55,1482.342105263158,2442.580508474576,16818.653773584905,3324.41891509434,6418.745094339623,2116.3291139240505,1742.7622180451128,7858.805882352941,0.0,0.0,0.0,5604.34633027523,2232.75,3682.736263736264,871.6666666666666
บางมด,None,None,Private,203,4000,9,71,200,283,0.07773851590106007,0.9222614840989399,1311.9444444444443,1832.75,1750.0,1467.952380952381,450.0,7817.905192307692,1092.0,2738.3214285714284,1552.4871794871794,2053.15,5856.555555555556,6550.064516129032,1389.4,0.0,0.0,0.0,899.25,925.0,11411.681818181818,0.0
บ้านแพ้วสาขาสาทร,None,None,Public,54,2300,6,47,50,46,0.21739130434782608,0.782608695652174,0.0,0.0,0.0,1810.909090909091,10754.0,17259.105263157893,0.0,3000.0,313.0,600.0,0.0,1721.4285714285713,0.0,0.0,0.0,0.0,0.0,0.0,0.0,2125.0
บำรุงราษฎร์,Top,BH,Private,580,11492,9,1133,300,2419,0.07317073170731707,0.926829268292683,77402.2190909091,14563.901900826446,36536.47483870968,6374.905420560748,18371.305357142857,16541.14050955414,2522.8560843373493,25819.571130434782,5430.098103448277,11599.845136986301,3558.174478527607,2880.6140793201134,9841.037417218544,59150.5,1320.0,0.0,7881.797261904761,46834.49105263158,7382.017567567568,3701.0857142857144
บีเอ็นเอช : BDMS,None,BDMS,Private,86,8800,9,291,350,2097,0.05484024797329518,0.9451597520267048,7554.314926470589,9963.988000000001,12475.78947368421,6701.228035714285,6909.180869565217,3766.4966972477064,1999.4236842105265,18301.972222222223,3947.292156862745,7978.746477272728,2035.1926288659793,9539.89364864865,11836.367886178863,76385.0,13992.2,1518.8899999999999,8446.919230769232,5652.081739130435,3015.598805970149,6237.423658536585
บีแคร์เมดิคอลเซ็นเตอร์,None,None,Private,136,4330,5,145,80,3095,0.0617124394184168,0.9382875605815832,4775.646911764707,37984.848,60581.0,1967.3909392265193,1263.715625,5798.239082568808,1329.0313846153847,6286.019567307692,2692.418990929705,6913.994029126214,1987.1590049751244,1573.3488275862069,3803.948418079096,0.0,0.0,0.0,3075.8756934306566,1113.923076923077,2990.8807758620687,1188.25
บุญญาเวช,None,None,Private,29,2900,2,8,120,43,0.09302325581395349,0.9069767441860465,0.0,0.0,0.0,18061.8,0.0,4656.214482758621,0.0,0.0,0.0,900.0,0.0,0.0,0.0,0.0,0.0,0.0,0.0,0.0,2640.0,0.0
ปิยะเวท,None,BHGRT,Private,150,5760,9,243,150,1004,0.04880478087649402,0.951195219123506,7049.050847457627,16046.9375,1336.0220000000002,1682.152191780822,24907.5,1774.041891891892,1260.9375,1711.1814634146342,1845.5803896103898,5197.192149532711,1536.109411764706,1761.2982631578946,10019.135813953488,0.0,0.0,0.0,4274.9575,3180.8888888888887,2735.8125,23333.0
พญาไท 1 : BDMS,Top,BDMS,Private,174,4800,9,245,150,2873,0.06648103028193526,0.9335189697180647,10391.077181208053,38882.19696969697,25827.125,2950.424623115578,10156.69,5015.580291970803,2085.2670454545455,20610.481707317074,5799.679104477612,5636.464117647059,2505.93661971831,6204.294871794872,5639.004189944134,0.0,0.0,0.0,9301.163961038961,2318.6,4119.281818181818,2475.0
พญาไท 2 : BDMS,Top,BDMS,Private,260,6687,9,535,180,8289,0.07105802871275184,0.929183254916154,6936.915319587629,27481.80991735537,12327.223015873016,2192.3946957878316,11418.029411764706,2963.533076923077,3000.53305785124,9280.46511627907,3695.271394374626,8980.261057692307,2245.1026656848308,2774.969107321966,7543.458949416342,107852.2,14902.75,1300.0,8190.924333333333,5783.541666666667,3121.17593175853,2919.8650442477874
พญาไท 3 : BDMS,None,BDMS,Private,230,6200,9,412,150,4412,0.09791477787851315,0.9020852221214869,10889.847832817337,3372.404761904762,7213.4047619047615,2478.876865671642,14374.958333333334,4387.784172661871,3101.329457364341,15320.297872340425,4461.405240174672,9299.647916666667,1959.8522727272727,9985.083526682134,8960.068897637795,65280.5,0.0,2171.0,7216.674418604651,18163.625,4199.943620178042,3162.4615384615386
พญาไท นวมินทร์ : BDMS,None,BDMS,Private,140,4100,9,57,80,2573,0.061795569374271275,0.9382044306257287,6745.091954022989,11188.086666666666,824.625,2691.196581196581,3138.153846153846,2634.7100840336134,3530.5685840707965,3515.752,3201.7976391231027,6988.89705882353,1631.6274509803923,2124.1352112676054,4371.9885057471265,0.0,0.0,0.0,5520.8259493670885,2294.3478260869565,3275.768253968254,1372.0
พระมงกุฎเกล้า,Top,None,Public,953,2000,9,249,50,738,0.14363143631436315,0.8563685636856369,11986.166666666666,12946.004237288136,1597.18,2629.574468085106,4716.416666666667,2925.3161764705883,1401.1,10111.31649484536,3996.212142857143,24879.83695652174,1681.7,6754.656976744186,3958.942857142857,0.0,0.0,0.0,1543.3673469387754,56067.583333333336,3806.8888888888887,1027.7777777777778
พระรามเก้า,Top,None,Private,166,7950,9,340,250,8186,0.04361104324456389,0.9563889567554361,5939.503863987636,21189.705263157895,8393.107142857143,2751.4496753246754,3073.1111111111113,2482.4164265129684,2375.775956284153,4112.478260869565,2418.9035850081477,5782.044444444445,1681.0221774193549,2633.9018003273322,5142.04375,0.0,0.0,0.0,5235.68058968059,4904.811320754717,2371.603015075377,2001.2142857142858
ภูมิพลอดุลยเดช กรมแพทย์ทหารอากาศ,None,None,Private,619,2000,9,221,50,254,0.08661417322834646,0.9133858267716536,1933.5,1782.7105263157894,6447.083333333333,1220.7272727272727,1166.767857142857,3996.525,1491.0,9275.85294117647,1027.3,2102.8809523809523,1093.3125,767.4269662921348,2640.0,0.0,0.0,0.0,1558.6666666666667,12699.5,6034.633333333333,755.0
มงกุฎวัฒนะ,None,None,Private,100,4000,8,411,75,4011,0.06556968337073049,0.9344303166292696,3840.9940148698884,13753.748367346938,5147.172666666666,2271.0493406593405,4603.9881081081085,2596.1115714285716,2154.9352,4605.71905737705,2275.2968838219326,5128.172118959107,1190.23462585034,1346.8323603603606,7291.182611940299,0.0,0.0,0.0,4432.408586572437,896.993125,2317.5058202247187,674.4
มิชชั่น,None,None,Private,120,4000,6,107,150,705,0.06666666666666667,0.9333333333333333,2782.3333333333335,28273.0,0.0,1592.1046511627908,1200.0,12040.461538461539,1541.1538461538462,12673.692307692309,10519.740458015267,9504.9,951.6301369863014,4693.826086956522,11481.53125,0.0,0.0,0.0,3306.0,5216.142857142857,5071.138888888889,894.1428571428571
มิตรประชา,None,None,Private,148,1800,9,55,120,76,0.06578947368421052,0.9342105263157895,1852.3,0.0,0.0,1000.0,950.0,1232.0,0.0,1066.0,9951.533333333333,1143.3333333333333,1002.8,790.0,890.0,0.0,0.0,0.0,1243.3333333333333,0.0,2835.5,1000.0
รัชดา-ท่าพระ,None,None,Public,25,4000,8,10,100,40,0.1,0.9,928.0,5285.0,0.0,0.0,0.0,650.0,0.0,1300.0,1493.75,3609.0,556.3333333333334,898.75,675.0,0.0,0.0,0.0,653.3333333333334,920.0,0.0,0.0
ราชวิถี,Top,None,Private,1031,4300,9,347,100,250,0.324,0.676,3633.3333333333335,23653.973684210527,981.0,1228.939393939394,3940.0,10342.533333333333,260.0,6220.142857142857,4989.583333333333,10466.847826086956,300.0,3130.3255813953488,2182.294117647059,0.0,0.0,0.0,4725.727272727273,5817.166666666667,780.0,0.0
รามคำแหง,Top,RAM,Public,486,3500,9,327,80,6332,0.07943777637397346,0.9205622236260266,7539.862697368422,21962.847966101694,1506.471052631579,3057.4133216783216,4839.488131868132,3206.7883846153845,3884.7439035087723,8934.306823204419,3997.0553468697126,8995.05429906542,2614.0974662162166,3045.1804761904755,5041.500483870968,41426.75,18213.5,1250.0,5251.019877675841,4102.379166666667,3600.706040462427,2667.0851851851853
รามาธิบดี,Top,None,Private,1378,1000,9,1041,100,6028,0.15378234903782348,0.8465494359654944,19259.947368421053,26826.70481986368,8979.039802955665,3063.2298538367845,8840.486301369863,6618.080676691729,1679.3842592592594,23863.307730061348,8295.888621794871,17632.86741424802,2324.135714285714,8554.650949640289,6393.766435643563,44202.65,675.0,0.0,5764.920913043478,19673.0,15637.577586206897,3035.5695652173913
ราษฎร์บูรณะ,None,None,Public,124,3950,9,46,200,575,0.11826086956521739,0.8817391304347826,5658.642857142857,32440.0,850.0,2987.0243902439024,933.0,8118.056074766355,4083.1111111111113,4341.242424242424,5776.379746835443,10363.8,4805.090909090909,892.0967741935484,2670.734693877551,0.0,0.0,0.0,4960.536585365854,1727.5,4062.3488372093025,0.0
ลาดพร้าว,None,None,Private,180,4700,8,206,200,8256,0.06286337209302326,0.9372577519379846,6319.916856540083,10117.049714285715,4041.5561538461543,2300.5309374999997,7167.791779661017,3047.7330630630627,1524.5846096654275,2521.057140974967,2783.0573787680205,7412.692765598652,1459.7879601990048,1750.3779722436395,6130.034960422164,38114.125,7191.0,0.0,2541.8440581717446,2868.9123684210526,4058.524672131148,2825.398275862069
วชิรพยาบาล,Top,None,Public,740,2400,9,341,50,251,0.450199203187251,0.5577689243027888,16656.0,16350.875,133846.0,1194.3103448275863,20297.2,21082.89285714286,875.2222222222222,10773.25,25248.58695652174,14244.84375,190.0,29791.94871794872,4953.27,0.0,0.0,2365.0,4888.941176470588,45832.25,5551.84375,0.0
วิชัยเวช แยกไฟฉาย,None,Vichaivej,Private,49,3250,9,7,110,202,0.09900990099009901,0.900990099009901,848.6666666666666,0.0,0.0,880.0,530.0,8976.591666666667,936.6666666666666,0.0,1155.7878787878788,1320.909090909091,888.75,1149.5833333333333,8303.666666666666,0.0,0.0,0.0,739.4285714285714,710.0,6851.041666666667,0.0
วิชัยเวชอินเตอร์เนชั่นแนลหนองแขม(ศรีวิชัย2),None,Vichaivej,Private,172,4200,8,137,80,646,0.12229102167182662,0.8792569659442725,7042.282608695652,2020.0,1240.0,1126.7708333333333,3318.0,882.1428571428571,11737.333333333334,20073.75,4565.361842105263,9425.745098039215,1055.6153846153845,1352.1090909090908,1154.34375,0.0,0.0,0.0,5006.11320754717,2607.0,3264.3714285714286,665.0
วิชัยยุทธ,None,None,Private,207,5500,9,716,250,4016,0.07395418326693227,0.9267928286852589,10691.110659898479,28621.396666666667,6626.086981132075,4204.89367816092,8236.547272727274,4257.659471365639,2742.0414736842104,13544.857485380116,3808.6792348993285,12643.13273364486,2356.6446020761246,2147.6511320754717,7812.671034482759,121460.85,0.0,0.0,9575.747687861272,9745.22380952381,4347.987123893806,3919.5758620689653
วิภาราม,None,VIBHA,Private,150,2200,9,272,100,4669,0.05482972799314628,0.9451702720068537,4089.262987012987,9230.358974358975,32408.45,4594.938181818182,1767.8684210526317,2042.0055865921788,1405.5,5252.498194945849,3233.57684729064,4954.089552238806,1764.9262536873157,2394.9806451612903,4826.91095890411,0.0,0.0,0.0,2228.230061349693,1253.125,5986.444610778443,986.6
วิภาวดี,None,None,Private,258,4360,8,417,80,8769,0.09191469950963622,0.9080853004903637,9122.581395348838,11763.594594594595,9224.310344827587,2877.6630669546435,6852.164556962025,2625.4380403458213,3895.4423076923076,4457.946712328767,4672.388574369532,9648.650341685649,1986.4601063829787,2273.1499162479063,4947.125,55952.57142857143,3266.75,3809.0,7248.540918163672,3868.8064516129034,6510.464968152866,2863.6083916083917
วิมุต,None,None,Private,236,5900,7,232,150,266,0.041353383458646614,0.9586466165413534,8956.182857142858,0.0,0.0,0.0,980.0,2759.880735294118,1508.3333333333333,2116.0,912.020625,5614.733333333334,1347.3333333333333,1889.3964705882354,1204.48,0.0,0.0,0.0,1743.2857142857142,0.0,2004.6753846153845,4998.0
ศิครินทร์,None,None,Private,258,5100,9,348,120,7032,0.08176905574516496,0.9182309442548351,7979.404913043477,22025.80847457627,3492.672,2541.45189010989,4360.649275362319,2777.823368421053,2959.337904191617,4455.712044673539,3711.878502604168,9385.670026041664,1811.8991789473675,1933.7213526119401,5826.521815718157,23565.5625,0.0,1337.25,5127.91899159664,6468.733404255318,4956.834066666667,5576.552380952381
ศิริราช ปิยมหาราชการุณย์,Top,None,Private,0,6700,9,615,180,6520,0.22162576687116564,0.778680981595092,11175.995117647059,56939.71593927894,68514.00724637682,5925.884615384615,47137.14324324324,21246.721374045803,8398.93043478261,43819.039106145254,9326.330672748005,35509.09031198687,2517.133333333333,25858.66351351352,23102.97670682731,0.0,0.0,28454.666666666668,14808.299011299434,33278.969696969696,11036.335684647303,4034.64
ศิริราชพยาบาล,None,None,Public,2112,1000,9,2263,130,2857,0.23731186559327966,0.7633881694084704,8550.010204081633,20935.99628440367,5352.982394366197,4644.5684357541895,16376.666666666666,19317.171919770775,752.7142857142857,20453.114238410595,6933.655555555555,17494.26551724138,63280.063888888886,12005.058681672026,11893.18376,50576.75,0.0,24961.625,10341.784574468085,23292.775,3579.492718446602,3905.75
สมเด็จพระปิ่นเกล้า กรมแพทย์ทหารเรือ กองทัพเรือ,None,None,Public,414,2200,0,173,150,94,0.24468085106382978,0.7553191489361702,4850.0,0.0,0.0,1221.923076923077,0.0,23429.777777777777,0.0,2083.1785714285716,689.9852941176471,4958.0,368.0,7104.25,1133.0,0.0,0.0,0.0,1594.6666666666667,31650.0,586.5,0.0
สมิติเวชไชน่าทาวน์ : BDMS,None,BDMS,Private,31,6190,6,85,300,167,0.11976047904191617,0.8802395209580839,4130.099,750.0,0.0,2150.0,0.0,8624.216250000001,5747.01,2200.4558333333334,1694.2283333333335,6641.456,3040.9814285714283,9554.174666666666,27957.102857142854,0.0,0.0,0.0,5411.697692307692,16025.115,2886.764090909091,1040.75
สมิติเวชธนบุรี : BDMS,None,BDMS,Private,150,6190,8,256,300,1748,0.041762013729977114,0.9582379862700229,12861.80992248062,3892.805,1548.466,1499.495813953488,1595.9555555555555,1943.602222222222,1410.1724137931035,1621.5334782608697,2911.833758542142,4404.8256643356635,1601.3147692307693,1847.5989878542512,3216.893059701493,52845.0,0.0,0.0,2455.9379787234043,3765.1114285714284,3943.142164179104,925.0
สมิติเวชศรีนครินทร์ : BDMS,Top,BDMS,Private,154,7255,9,8,200,3495,0.06523605150214593,0.9353361945636623,11701.333520000004,17353.283636363638,6581.584545454545,3370.1035869565208,1831.252,2562.228552631579,3312.1759036144576,7160.557770700638,3732.3847441860485,10789.197964912277,2381.967336065574,4513.942563451777,9130.227538461537,86374.8,55906.355,1911.2,4366.662129032259,2270.2614583333334,11653.35553846154,8519.058181818182
สมิติเวชสุขุมวิท : BDMS,Top,BDMS,Private,275,9000,7,571,300,3120,0.06955128205128205,0.9307692307692308,17052.59606936416,108875.32375000001,2021.748378378378,5063.0,10079.626,2166.8509302325583,3393.3982258064516,19237.38007874016,4596.938156028367,10367.587918367346,2120.056607142857,1847.328610108303,13751.301013513515,116544.81,16875.0,23236.3825,4205.695805084745,1724.319375,22025.785028248592,3272.009428571428
สวนเบญจกิตติ เฉลิมพระเกียรติ 84 พรรษา,None,None,Public,60,1400,7,45,30,119,0.09243697478991597,0.907563025210084,6860.0,0.0,0.0,10561.538461538461,350.0,7196.451142857143,0.0,2241.285714285714,992.6363636363636,18057.14285714286,1457.28125,703.5,0.0,0.0,0.0,0.0,0.0,0.0,0.0,0.0
สหวิทยาการมะลิ,None,None,Private,19,4800,6,10,150,30,0.03333333333333333,0.9666666666666667,0.0,0.0,0.0,0.0,0.0,1433.5,4500.0,799.1666666666666,523.8333333333334,0.0,2403.0833333333335,1000.0,0.0,0.0,0.0,0.0,0.0,0.0,3407.5,0.0
สินแพทย์  ศรีนครินทร์,None,VIBHA,Private,110,2800,9,21,100,3117,0.11894273127753303,0.8810572687224669,10554.622680851064,24948.666666666668,3299.8571428571427,2492.3333333333335,9339.058823529413,5328.988636363636,4244.029814814815,7312.451587301587,5141.067320574162,7366.793427230047,2779.0510204081634,1944.25,6053.016666666666,0.0,0.0,1766.5,7192.850393700787,4804.62962962963,3267.088433179724,877.6666666666666
สินแพทย์ เสรีรักษ์,None,VIBHA,Private,238,4050,9,231,100,4696,0.1260827718960539,0.8739172281039461,11027.24635568513,14608.741935483871,3109.9285714285716,2250.082424242424,5139.671,2483.281012658228,4944.093714285715,11382.657070707071,4926.335681669928,9769.809667590027,2559.338905775076,4039.8054229934924,11424.81226993865,46005.0,1841.2307692307693,0.0,4339.831132075471,2985.2916666666665,3385.6041942604857,1341.9444444444443
สินแพทย์ รามอินทรา,None,VIBHA,Private,287,3100,9,258,150,227,0.1247870528109029,0.8752129471890971,18138.5,0.0,2144.0,2710.0,24844.0,1738.5714285714287,584.2857142857143,1368.3333333333333,2444.08,7665.1875,3708.6363636363635,2909.7441860465115,1337.857142857143,0.0,0.0,0.0,3943.7272727272725,600.0,3394.55,1594.0
สิรินาถบึงกุ่ม (วิภาราม นวมินทร์),None,VIBHA,Private,52,3440,4,5,510,354,0.0847457627118644,0.9152542372881356,10131.142857142857,0.0,3922.0,2749.8214285714284,4626.416666666667,0.0,5231.666666666667,4467.551724137931,1617.3610714285714,8036.852459016393,1459.6315789473683,4404.843137254902,6796.428571428572,0.0,0.0,0.0,3861.08,1530.5,7617.176470588235,3426.0
สุขสวัสดิ์,None,None,Private,100,4200,8,49,50,30,0.16666666666666666,0.8333333333333334,0.0,0.0,0.0,0.0,0.0,6318.733333333334,0.0,0.0,1145.0,15365.525,0.0,1347.5714285714287,0.0,0.0,0.0,0.0,8160.0,0.0,5084.706666666666,0.0
สุขุมวิท,None,RAM,Private,135,2760,8,46,170,2130,0.06619718309859154,0.9342723004694836,5739.838323353293,23812.85,13862.0,2174.936170212766,2587.4,10634.763513513513,2010.6938775510205,20023.556944444445,3440.684297520661,5016.565891472868,2308.5247933884298,7083.984375,8246.753086419752,0.0,892.0,0.0,3905.2100840336134,5544.7692307692305,4210.091503267974,3205.8888888888887
หัวเฉียว,None,None,Private,338,3300,6,391,50,4066,0.03787506148548942,0.9621249385145105,2156.8662361623615,14378.476744186046,30780.733125,2891.639022222222,1422.9166666666667,3998.001028806584,989.6138888888889,2720.481049562682,1626.0593914473684,4083.3798449612405,2050.2450236966824,2036.6492782152231,3220.538990825688,81514.25,0.0,0.0,1852.0086486486484,5127.857142857143,3728.023111111111,1983.3157894736842
อินทรารัตน์,None,None,Private,152,3800,8,21,150,123,0.04065040650406504,0.959349593495935,0.0,0.0,0.0,0.0,0.0,5358.234848484848,0.0,0.0,1100.0,0.0,1455.5,35.666666666666664,0.0,0.0,0.0,0.0,0.0,0.0,1580.25,0.0
